{
  "dollarbtc-above-dollar6249887-on-feb-24-1300-utc-1771934616211": {
    "marketSlug": "dollarbtc-above-dollar6249887-on-feb-24-1300-utc-1771934616211",
    "side": "YES",
    "entryPrice": 0.5,
    "oraclePriceAtEntry": 63147.17,
    "oracleConfAtEntry": 14.94552071,
    "timestamp": 1771934620514,
    "amountUsd": 1
  },
  "dollareth-above-dollar180555-on-feb-24-1300-utc-1771934616211": {
    "marketSlug": "dollareth-above-dollar180555-on-feb-24-1300-utc-1771934616211",
    "side": "YES",
    "entryPrice": 0.5,
    "oraclePriceAtEntry": 1824.36438102,
    "oracleConfAtEntry": 0.91218219,
    "timestamp": 1771934620986,
    "amountUsd": 1
  },
  "dollarsol-above-dollar75845-on-feb-24-1300-utc-1771934616211": {
    "marketSlug": "dollarsol-above-dollar75845-on-feb-24-1300-utc-1771934616211",
    "side": "YES",
    "entryPrice": 0.5,
    "oraclePriceAtEntry": 76.65772812,
    "oracleConfAtEntry": 0.029155880000000002,
    "timestamp": 1771934621321,
    "amountUsd": 1
  },
  "dollarbtc-above-dollar6376148-on-feb-24-1300-utc-1771934649406": {
    "marketSlug": "dollarbtc-above-dollar6376148-on-feb-24-1300-utc-1771934649406",
    "side": "NO",
    "entryPrice": 0.5,
    "oraclePriceAtEntry": 63137,
    "oracleConfAtEntry": 14.888302470000001,
    "timestamp": 1771934660667,
    "amountUsd": 1
  },
  "dollareth-above-dollar184202-on-feb-24-1300-utc-1771934653952": {
    "marketSlug": "dollareth-above-dollar184202-on-feb-24-1300-utc-1771934653952",
    "side": "NO",
    "entryPrice": 0.5,
    "oraclePriceAtEntry": 1824.14486155,
    "oracleConfAtEntry": 0.74260201,
    "timestamp": 1771934661032,
    "amountUsd": 1
  },
  "dollarsol-above-dollar77378-on-feb-24-1300-utc-1771934649405": {
    "marketSlug": "dollarsol-above-dollar77378-on-feb-24-1300-utc-1771934649405",
    "side": "NO",
    "entryPrice": 0.5,
    "oraclePriceAtEntry": 76.57850088,
    "oracleConfAtEntry": 0.04405363,
    "timestamp": 1771934674926,
    "amountUsd": 1
  },
  "dollarbtc-above-dollar6232297-on-feb-24-1400-utc-1771938216640": {
    "marketSlug": "dollarbtc-above-dollar6232297-on-feb-24-1400-utc-1771938216640",
    "side": "YES",
    "entryPrice": 0.5,
    "oraclePriceAtEntry": 62978.27079932,
    "oracleConfAtEntry": 20.35920068,
    "timestamp": 1771938221684,
    "amountUsd": 1
  },
  "dollareth-above-dollar180507-on-feb-24-1400-utc-1771938216639": {
    "marketSlug": "dollareth-above-dollar180507-on-feb-24-1400-utc-1771938216639",
    "side": "YES",
    "entryPrice": 0.5,
    "oraclePriceAtEntry": 1824.5650125,
    "oracleConfAtEntry": 0.8421526300000001,
    "timestamp": 1771938222068,
    "amountUsd": 1
  },
  "dollarsol-above-dollar75774-on-feb-24-1400-utc-1771938216638": {
    "marketSlug": "dollarsol-above-dollar75774-on-feb-24-1400-utc-1771938216638",
    "side": "YES",
    "entryPrice": 0.5,
    "oraclePriceAtEntry": 76.58999999,
    "oracleConfAtEntry": 0.03496445,
    "timestamp": 1771938222476,
    "amountUsd": 1
  },
  "dollarbtc-above-dollar6358202-on-feb-24-1400-utc-1771938252594": {
    "marketSlug": "dollarbtc-above-dollar6358202-on-feb-24-1400-utc-1771938252594",
    "side": "NO",
    "entryPrice": 0.5,
    "oraclePriceAtEntry": 62922.811231,
    "oracleConfAtEntry": 19.411231,
    "timestamp": 1771938261721,
    "amountUsd": 1
  },
  "dollareth-above-dollar184154-on-feb-24-1400-utc-1771938252594": {
    "marketSlug": "dollareth-above-dollar184154-on-feb-24-1400-utc-1771938252594",
    "side": "NO",
    "entryPrice": 0.5,
    "oraclePriceAtEntry": 1823.64065045,
    "oracleConfAtEntry": 0.83655988,
    "timestamp": 1771938262159,
    "amountUsd": 1
  },
  "dollarsol-above-dollar77305-on-feb-24-1400-utc-1771938252593": {
    "marketSlug": "dollarsol-above-dollar77305-on-feb-24-1400-utc-1771938252593",
    "side": "NO",
    "entryPrice": 0.5,
    "oraclePriceAtEntry": 76.53273017000001,
    "oracleConfAtEntry": 0.040605300000000004,
    "timestamp": 1771938262605,
    "amountUsd": 1
  }
}